{
    "robot_root_name": "waist_link",
    "human_root_name": "Hips",
    "ground_height": 0.0,
    "human_height_assumption": 1.8,
    "use_ik_match_table1": true,
    "use_ik_match_table2": true,
    "human_scale_table": {
        "Hips": 0.35,
        "Spine2": 0.35,

        "LeftUpLeg": 0.35,
        "RightUpLeg": 0.35,
        "LeftLeg": 0.35,
        "RightLeg": 0.35,
        "LeftFootMod": 0.35,
        "RightFootMod": 0.35,

        "LeftArm": 0.35,
        "RightArm": 0.35,
        "LeftForeArm": 0.35,
        "RightForeArm": 0.35,
        "LeftHand": 0.35,
        "RightHand": 0.35
    },

    "ik_match_table1": {
        "waist_link": [
            "Hips",
            0,
            10,
            [
                0.0,
                0.0,
                0.0
            ],
            [
                -0.5,
                0.5,
                0.5,
                0.5
            ]
        ],
        "left_hip_pitch_link": [
            "LeftUpLeg",
            0,
            10,
            [
                0.0,
                0.0,
                0.0
            ],
            [
                0.5637931078484661,
                0.5637931078484663,
                0.4267755048530408,
                0.4267755048530407
            ]
        ],
        "left_calf_link": [
            "LeftLeg",
            0,
            10,
            [
                0.0,
                0.0,
                0.0
            ],
            [
                0.7071067811865476,
                0.0,
                0.0,
                -0.7071067811865476
            ]
        ],
        "left_toe_link": [
            "LeftFootMod",
            100,
            10,
            [
                0.0,
                0.0,
                0.0
            ],
            [
                0.5,
                0.5,
                0.5,
                0.5
            ]
        ],
        "right_hip_pitch_link": [
            "RightUpLeg",
            0,
            10,
            [
                0.0,
                0.0,
                0.0
            ],
            [
                0.4267755048530407,
            -0.4267755048530407,
            0.5637931078484663,
            -0.5637931078484663
            ]
        ],
        "right_calf_link": [
            "RightLeg",
            0,
            10,
            [
                0.0,
                0.0,
                0.0
            ],
            [
                0.0,
                -0.7071067811865476,
                0.7071067811865476,
                0.0
            ]
        ],
        "right_toe_link": [
            "RightFootMod",
            100,
            10,
            [
                0.0,
                0.0,
                0.0
            ],
            [
                0.5,
                0.5,
                0.5,
                0.5
            ]
        ],
        "torso": [
            "Spine2",
            0,
            10,
            [
                0.0,
                0.0,
                0.0
            ],
            [
                0.5,
                0.5,
                0.5,
                0.5
            ]
        ],
        "spur_1m_24t_driven": [
            "LeftArm",
            0,
            10,
            [
                0.0,
                0.0,
                0.0
            ],
            [
                -0.7071067811865476,
                0.0,
                -0.7071067811865476,
                0.0
            ]
        ],
        "spur_1m_24t_driven_2": [
            "LeftForeArm",
            0,
            10,
            [
                0.0,
                0.0,
                0.0
            ],
            [
                -0.5,
                0.5,
                -0.5,
                0.5
            ]
        ],
        "hand": [
            "LeftHand",
            0,
            10,
            [
                0.0,
                0.0,
                0.0
            ],
            [
                -0.5,
                -0.5,
                -0.5,
                0.5
            ]
        ],
        "spur_1m_24t_driven_4": [
            "RightArm",
            0,
            10,
            [
                0.0,
                0.0,
                0.0
            ],
            [
                0.0,
                0.7071067811865476,
                0.0,
                0.7071067811865476
            ]
        ],
        "spur_1m_24t_driven_5": [
            "RightForeArm",
            0,
            10,
            [
                0.0,
                0.0,
                0.0
            ],
            [
                0.0,
                0.7071067811865476,
                0.0,
                0.7071067811865476
            ]
        ],
        "hand_2": [
            "RightHand",
            0,
            10,
            [
                0.0,
                0.0,
                0.0
            ],
            [
                0.5,
                -0.5,
                0.5,
                0.5
            ]
        ]
    },
    "ik_match_table2": {
        "waist_link": [
            "Hips",
            10,
            5,
            [
                0.0,
                0.0,
                0.0
            ],
            [
                -0.5,
                0.5,
                0.5,
                0.5
            ]
        ],
        "left_hip_pitch_link": [
            "LeftUpLeg",
            10,
            5,
            [
                0.0,
                0.0,
                0.0
            ],
            [
                0.5637931078484661,
                0.5637931078484663,
                0.4267755048530408,
                0.4267755048530407
            ]
        ],
        "left_calf_link": [
            "LeftLeg",
            10,
            5,
            [
                0.0,
                0.0,
                0.0
            ],
            [
                0.7071067811865476,
                0.0,
                0.0,
                -0.7071067811865476
            ]
        ],
        "left_toe_link": [
            "LeftFootMod",
            100,
            10,
            [
                0.0,
                0.0,
                0.0
            ],
            [
                0.5,
                0.5,
                0.5,
                0.5
            ]
        ],
        "right_hip_pitch_link": [
            "RightUpLeg",
            10,
            5,
            [
                0.0,
                0.0,
                0.0
            ],
            [
                0.4267755048530407,
                -0.4267755048530407,
                0.5637931078484663,
                -0.5637931078484663
            ]
        ],
        "right_calf_link": [
            "RightLeg",
            10,
            5,
            [
                0.0,
                0.0,
                0.0
            ],
            [
                0.0,
                -0.7071067811865476,
                0.7071067811865476,
                0.0
            ]
        ],
        "right_toe_link": [
            "RightFootMod",
            100,
            10,
            [
                0.0,
                0.0,
                0.0
            ],
            [
                0.5,
                0.5,
                0.5,
                0.5
            ]
        ],
        "torso": [
            "Spine2",
            0,
            10,
            [
                0.0,
                0.0,
                0.0
            ],
            [
                0.5,
                0.5,
                0.5,
                0.5
            ]
        ],
        "spur_1m_24t_driven": [
            "LeftArm",
            10,
            5,
            [
                0.0,
                0.0,
                0.0
            ],
            [
                -0.7071067811865476,
                0.0,
                -0.7071067811865476,
                0.0
            ]
        ],