{
    "robot_root_name": "base_link",
    "human_root_name": "pelvis",
    "ground_height": 0.0,
    "human_height_assumption": 1.8,
    "use_ik_match_table1": true,
    "use_ik_match_table2": true,
    "human_scale_table": {
        "pelvis": 0.8,
        "spine3": 0.8,

        "left_hip": 0.8,
        "right_hip": 0.8,
        "left_knee": 0.8,
        "right_knee": 0.8,
        "left_foot": 0.8,
        "right_foot": 0.8,

        "left_shoulder": 0.8,
        "right_shoulder": 0.8,
        "left_elbow": 0.8,
        "right_elbow": 0.8,
        "left_wrist": 0.8,
        "right_wrist": 0.8
    },

    "ik_match_table1": {
        "base_link": [
            "pelvis",
            50,
            10,
            [
                0.0,
                0.0,
                0.0
            ],
            [
                0.5,
                -0.5,
                -0.5,
                -0.5
            ]
        ],
        "left_thigh_roll_link": [
            "left_hip",
            0,
            10,
            [
                0.0,
                0.0,
                0.0
            ],
            [
                0.4267755048530407,
                -0.5637931078484661,
                -0.5637931078484661,
                -0.4267755048530407
            ]
        ],
        "left_shank_pitch_link": [
            "left_knee",
            0,
            10,
            [
                0.0,
                0.0,
                0.0
            ],
            [
                0.5,
                -0.5,
                -0.5,
                -0.5
            ]
        ],
        "left_foot_pitch_link": [
            "left_foot",
            100,
            50,
            [
                -0.1,
                0.0,
                0.0
            ],
            [
                0.5,
                -0.5,
                -0.5,
                -0.5
            ]
        ],
        "right_thigh_roll_link": [
            "right_hip",
            0,
            10,
            [
                0.0,
                0.0,
                0.0
            ],
            [
                0.4267755048530407,
                -0.5637931078484661,
                -0.5637931078484661,
                -0.4267755048530407
            ]
        ],
        "right_shank_pitch_link": [
            "right_knee",
            0,
            10,
            [
                0.0,
                0.0,
                0.0
            ],
            [
                0.5,
                -0.5,
                -0.5,
                -0.5
            ]
        ],
        "right_foot_pitch_link": [
            "right_foot",
            100,
            50,
            [
                -0.1,
                -0.0,
                0.0
            ],
            [
                0.5,
                -0.5,
                -0.5,
                -0.5
            ]
        ],
        "torso_link": [
            "spine3",
            0,
            100,
            [
                0.0,
                0.0,
                0.0
            ],
            [
                0.5,
                -0.5,
                -0.5,
                -0.5
            ]
        ],
        "left_upper_arm_roll_link": [
            "left_shoulder",
            0,
            10,
            [
                0.0,
                0.0,
                0.0
            ],
            [
                0.70710678,
                0.0,
                -0.70710678,
                0.0
            ]
        ],
        "left_lower_arm_pitch_link": [
            "left_elbow",
            0,
            10,
            [
                0.0,
                0.0,
                0.0
            ],
            [
                -0.7071067811865475, 0.0, 0.7071067811865475, 0.0
            ]
        ],
        "left_end_effector_link": [
            "left_wrist",
            0,
            10,
            [
                0.0,
                0.0,
                0.0
            ],
            [
                -0.7071067811865475, 0.0, 0.7071067811865475, 0.0
            ]
        ],
        "right_upper_arm_roll_link": [
            "right_shoulder",
            0,
            10,
            [
                0.0,
                0.0,
                0.0
            ],
            [
                0.0,
                0.70710678,
                0.0,
                0.70710678
            ]
        ],
        "right_lower_arm_pitch_link": [
            "right_elbow",
            0,
            10,
            [
                0.0,
                0.0,
                0.0
            ],
            [
                0.0, 0.7071067811865475, 0.0, 0.7071067811865475
            ]
        ],
        "right_end_effector_link": [
            "right_wrist",
            0,
            10,
            [
                0.0,
                0.0,
                0.0
            ],
            [
                0.0, 0.7071067811865475, 0.0, 0.7071067811865475
            ]
        ]
    },
   "ik_match_table2": {
        "base_link": [
            "pelvis",
            50,
            5,
            [
                0.0,
                0.0,
                0.0
            ],
            [
                0.5,
                -0.5,
                -0.5,
                -0.5
            ]
        ],
        "left_thigh_roll_link": [
            "left_hip",
            10,
            5,
            [
                0.0,
                0.0,
                0.0
            ],
            [
                0.4267755048530407,
                -0.5637931078484661,
                -0.5637931078484661,
                -0.4267755048530407
            ]

        ],
        "left_shank_pitch_link": [
            "left_knee",
            10,
            5,
            [
                0.0,
                0.0,
                0.0
            ],
            [
                0.5,
                -0.5,
                -0.5,
                -0.5
            ]
        ],
        "left_foot_pitch_link": [
            "left_foot",
            100,
            50,
            [
                -0.0,
                0.0,
                0.0
            ],
            [
                0.5,
                -0.5,
                -0.5,
                -0.5
            ]
        ],
        "right_thigh_roll_link": [
            "right_hip",
            10,
            5,
            [
                0.0,
                0.0,
                0.0
            ],
            [
                0.4267755048530407,
                -0.5637931078484661,
                -0.5637931078484661,
                -0.4267755048530407
            ]
        ],
        "right_shank_pitch_link": [
            "right_knee",
            10,
            5,
            [
                0.0,
                0.0,
                0.0
            ],
            [
                0.5,
                -0.5,
                -0.5,
                -0.5
            ]
        ],
        "right_foot_pitch_link": [
            "right_foot",
            100,
            50,
            [
                0.0,
                0.0,
                0.0
            ],
            [
                0.5,
                -0.5,
                -0.5,
                -0.5
            ]
        ],
        "torso_link": [
            "spine3",
            0,
            10,
            [
                0.0,
                0.0,
                0.0
            ],
            [
                0.5,
                -0.5,
                -0.5,
                -0.5
            ]
        ],
        "left_upper_arm_roll_link": [
            "left_shoulder",
            10,
            5,
            [
                0.0,
                0.0,
                0.0
            ],
            [
                0.70710678,
                0.0,
                -0.70710678,
                0.0
            ]
        ],