{
    "robot_root_name": "pelvis",
    "human_root_name": "pelvis",
    "ground_height": -0.00,
    "human_height_assumption": 1.8,
    "use_ik_match_table1": true,
    "use_ik_match_table2": true,
    "human_scale_table": {
        "pelvis": 1.1,
        "spine3": 1.1,

        "left_hip": 1.1,
        "right_hip": 1.1,
        "left_knee": 1.1,
        "right_knee": 1.1,
        "left_foot": 1.1,
        "right_foot": 1.1,

        "left_shoulder": 1.1,
        "right_shoulder": 1.1,
        "left_elbow": 1.1,
        "right_elbow": 1.1
    },

    "ik_match_table1": {
        "pelvis": [
            "pelvis",
            100,
            10,
            [
                0.0,
                0.0,
                0.0
            ],
            [
                0.5,
                -0.5,
                -0.5,
                -0.5
            ]
        ],
        "left_hip_roll_link": [
            "left_hip",
            0,
            10,
            [
                0.0,
                0.0,
                0.0
            ],
            [
                0.4267755048530407,
                -0.5637931078484661,
                -0.5637931078484661,
                -0.4267755048530407
            ]
        ],
        "left_knee_link": [
            "left_knee",
            0,
            10,
            [
                0.0,
                0.0,
                0.0
            ],
            [
                0.5,
                -0.5,
                -0.5,
                -0.5
            ]
        ],
        "left_ankle_roll_link": [
            "left_foot",
            100,
            10,
            [
                0.00,
                0.00,
                0.0
            ],
            [
                0.5,
                -0.5,
                -0.5,
                -0.5
            ]
        ],
        "right_hip_roll_link": [
            "right_hip",
            0,
            10,
            [
                0.0,
                0.0,
                0.0
            ],
            [
                0.4267755048530407,
                -0.5637931078484661,
                -0.5637931078484661,
                -0.4267755048530407
            ]
        ],
        "right_knee_link": [
            "right_knee",
            0,
            10,
            [
                0.0,
                0.0,
                0.0
            ],
            [
                0.5,
                -0.5,
                -0.5,
                -0.5
            ]
        ],
        "right_ankle_roll_link": [
            "right_foot",
            100,
            10,
            [
                -0.00,
                -0.00,
                0.0
            ],
            [
                0.5,
                -0.5,
                -0.5,
                -0.5
            ]
        ],
        "torso_link": [
            "spine3",
            0,
            10,
            [
                0.0,
                0.0,
                0.0
            ],
            [
                0.5,
                -0.5,
                -0.5,
                -0.5
            ]
        ],
        "left_shoulder_roll_link": [
            "left_shoulder",
            0,
            10,
            [
                0.0,
                0.0,
                0.0
            ],
            [
                0.70710678,
                0.0,
                -0.70710678,
                0.0
            ]
        ],
        "left_elbow_link": [
            "left_elbow",
            0,
            10,
            [
                0.0,
                0.0,
                0.0
            ],
            [
                1.0,
                0.0,
                0.0,
                0.0
            ]
        ],
        "right_shoulder_roll_link": [
            "right_shoulder",
            0,
            10,
            [
                0.0,
                0.0,
                0.0
            ],
            [
                0.0,
                0.70710678,
                0.0,
                0.70710678
            ]
        ],
        "right_elbow_link": [
            "right_elbow",
            0,
            10,
            [
                0.0,
                0.0,
                0.0
            ],
            [
                0.0,
                0.0,
                0.0,
                -1.0
            ]
        ]
    },
   "ik_match_table2": {
        "pelvis": [
            "pelvis",
            10,
            5,
            [
                0.0,
                0.0,
                0.0
            ],
            [
                0.5,
                -0.5,
                -0.5,
                -0.5
            ]
        ],
        "left_hip_roll_link": [
            "left_hip",
            10,
            5,
            [
                0.0,
                0.0,
                0.0
            ],
            [
                0.4267755048530407,
                -0.5637931078484661,
                -0.5637931078484661,
                -0.4267755048530407
            ]

        ],
        "left_knee_link": [
            "left_knee",
            10,
            5,
            [
                0.0,
                0.0,
                0.0
            ],
            [
                0.5,
                -0.5,
                -0.5,
                -0.5
            ]
        ],
        "left_ankle_roll_link": [
            "left_foot",
            50,
            10,
            [
                0.0,
                0.0,
                0.0
            ],
            [ -0.5, 0.5, 0.5, 0.5 ]
        ],
        "right_hip_roll_link": [
            "right_hip",
            10,
            5,
            [
                0.0,
                0.0,
                0.0
            ],
            [
                0.4267755048530407,
                -0.5637931078484661,
                -0.5637931078484661,
                -0.4267755048530407
            ]
        ],
        "right_knee_link": [
            "right_knee",
            10,
            5,
            [
                0.0,
                0.0,
                0.0
            ],
            [
                0.5,
                -0.5,
                -0.5,
                -0.5
            ]
        ],
        "right_ankle_roll_link": [
            "right_foot",
            50,
            10,
            [
                0.0,
                0.0,
                0.0
            ],
            [ -0.5, 0.5, 0.5, 0.5 ]
        ],
        "torso_link": [
            "spine3",
            10,
            0,
            [
                0.0,
                0.0,
                0.0
            ],
            [
                0.5,
                -0.5,
                -0.5,
                -0.5
            ]
        ],
        "left_shoulder_roll_link": [
            "left_shoulder",
            50,
            5,
            [
                0.0,
                0.0,
                0.0
            ],
            [
                0.70710678,
                0.0,
                -0.70710678,
                0.0
            ]
        ],
        "left_elbow_link": [
            "left_elbow",
            10,
            5,
            [
                0.0,
                0.0,
                0.0
            ],
            [
                1.0,
                0.0,
                0.0,
                0.0
            ]
        ],
        
        "right_shoulder_roll_link": [
            "right_shoulder",
            50,
            5,
            [
                0.0,
                0.0,
                0.0
            ],
            [
                0.0,
                0.70710678,
                0.0,
                0.70710678
            ]
        ],