{
    "robot_root_name": "LINK_BASE",
    "human_root_name": "pelvis",
    "ground_height": 0.0,
    "human_height_assumption": 1.8,
    "use_ik_match_table1": true,
    "use_ik_match_table2": true,
    "human_scale_table": {
        "pelvis": 0.85,
        "spine3": 0.85,

        "left_hip": 0.85,
        "right_hip": 0.85,
        "left_knee": 0.85,
        "right_knee": 0.85,
        "left_foot": 0.85,
        "right_foot": 0.85,

        "left_shoulder": 0.8,
        "right_shoulder": 0.8,
        "left_elbow": 0.8,
        "right_elbow": 0.8,
        "left_wrist": 0.8,
        "right_wrist": 0.8
    },

    "ik_match_table1": {
        "LINK_BASE": [
            "pelvis",
            50,
            10,
            [
                0.0,
                0.0,
                0.0
            ],
            [
                0.5,
                -0.5,
                -0.5,
                -0.5
            ]
        ],
        "LINK_HIP_ROLL_L": [
            "left_hip",
            0,
            10,
            [
                0.0,
                0.0,
                0.0
            ],
            [
                0.4267755048530407,
                -0.5637931078484661,
                -0.5637931078484661,
                -0.4267755048530407
            ]
        ],
        "LINK_KNEE_PITCH_L": [
            "left_knee",
            0,
            10,
            [
                0.0,
                0.0,
                0.0
            ],
            [
                0.5,
                -0.5,
                -0.5,
                -0.5
            ]
        ],
        "LINK_ANKLE_ROLL_L": [
            "left_foot",
            100,
            50,
            [
                -0.1,
                0.03,
                0.0
            ],
            [
                0.5,
                -0.5,
                -0.5,
                -0.5
            ]
        ],
        "LINK_HIP_ROLL_R": [
            "right_hip",
            0,
            10,
            [
                0.0,
                0.0,
                0.0
            ],
            [
                0.4267755048530407,
                -0.5637931078484661,
                -0.5637931078484661,
                -0.4267755048530407
            ]
        ],
        "LINK_KNEE_PITCH_R": [
            "right_knee",
            0,
            10,
            [
                0.0,
                0.0,
                0.0
            ],
            [
                0.5,
                -0.5,
                -0.5,
                -0.5
            ]
        ],
        "LINK_ANKLE_ROLL_R": [
            "right_foot",
            100,
            50,
            [
                -0.1,
                -0.03,
                0.0
            ],
            [
                0.5,
                -0.5,
                -0.5,
                -0.5
            ]
        ],
        "LINK_TORSO_YAW": [
            "spine3",
            0,
            10,
            [
                0.0,
                0.0,
                0.0
            ],
            [
                0.5,
                -0.5,
                -0.5,
                -0.5
            ]
        ],
        "LINK_SHOULDER_ROLL_L": [
            "left_shoulder",
            0,
            10,
            [
                0.0,
                0.0,
                0.0
            ],
            [
                0.70710678,
                0.0,
                -0.70710678,
                0.0
            ]
        ],
        "LINK_ELBOW_PITCH_L": [
            "left_elbow",
            0,
            10,
            [
                0.0,
                0.0,
                0.0
            ],
            [
                -0.7071067811865475, 0.0, 0.7071067811865475, 0.0
            ]
        ],
        "LINK_ELBOW_END_L": [
            "left_wrist",
            0,
            10,
            [
                0.0,
                0.0,
                0.0
            ],
            [
                -0.7071067811865475, 0.0, 0.7071067811865475, 0.0
            ]
        ],
        "LINK_SHOULDER_ROLL_R": [
            "right_shoulder",
            0,
            10,
            [
                0.0,
                0.0,
                0.0
            ],
            [
                0.0,
                0.70710678,
                0.0,
                0.70710678
            ]
        ],
        "LINK_ELBOW_PITCH_R": [
            "right_elbow",
            0,
            10,
            [
                0.0,
                0.0,
                0.0
            ],
            [
                0.0, 0.7071067811865475, 0.0, 0.7071067811865475
            ]
        ],
        "LINK_ELBOW_END_R": [
            "right_wrist",
            0,
            10,
            [
                0.0,
                0.0,
                0.0
            ],
            [
                0.0, 0.7071067811865475, 0.0, 0.7071067811865475
            ]
        ]
    },
   "ik_match_table2": {
        "LINK_BASE": [
            "pelvis",
            100,
            5,
            [
                0.0,
                0.0,
                0.0
            ],
            [
                0.5,
                -0.5,
                -0.5,
                -0.5
            ]
        ],
        "LINK_HIP_ROLL_L": [
            "left_hip",
            10,
            5,
            [
                0.0,
                0.0,
                0.0
            ],
            [
                0.4267755048530407,
                -0.5637931078484661,
                -0.5637931078484661,
                -0.4267755048530407
            ]

        ],
        "LINK_KNEE_PITCH_L": [
            "left_knee",
            10,
            5,
            [
                0.0,
                0.0,
                0.0
            ],
            [
                0.5,
                -0.5,
                -0.5,
                -0.5
            ]
        ],
        "LINK_ANKLE_ROLL_L": [
            "left_foot",
            100,
            50,
            [
                -0.1,
                0.0,
                0.0
            ],
            [ -0.5, 0.5, 0.5, 0.5 ]
        ],
        "LINK_HIP_ROLL_R": [
            "right_hip",
            10,
            5,
            [
                0.0,
                0.0,
                0.0
            ],
            [
                0.4267755048530407,
                -0.5637931078484661,
                -0.5637931078484661,
                -0.4267755048530407
            ]
        ],
        "LINK_KNEE_PITCH_R": [
            "right_knee",
            10,
            5,
            [
                0.0,
                0.0,
                0.0
            ],
            [
                0.5,
                -0.5,
                -0.5,
                -0.5
            ]
        ],
        "LINK_ANKLE_ROLL_R": [
            "right_foot",
            100,
            50,
            [
                -0.1,
                0.0,
                0.0
            ],
            [ -0.5, 0.5, 0.5, 0.5 ]
        ],
        "LINK_TORSO_YAW": [
            "spine3",
            0,
            10,
            [
                0.0,
                0.0,
                0.0
            ],
            [
                0.5,
                -0.5,
                -0.5,
                -0.5
            ]
        ],
        "LINK_SHOULDER_ROLL_L": [
            "left_shoulder",
            10,
            5,
            [
                0.0,
                0.0,
                0.0
            ],
            [
                0.70710678,
                0.0,
                -0.70710678,
                0.0
            ]
        ],
        "LINK_ELBOW_PITCH_L": [
            "left_elbow",
            10,
            5,
            [
                0.0,
                0.0,
                0.0
            ],
            [
                1.0,
                0.0,
                0.0,
                0.0
            ]
        ],