{
    "robot_root_name": "base_link",
    "human_root_name": "pelvis",
    "ground_height": -0.05,
    "human_height_assumption": 1.8,
    "use_ik_match_table1": true,
    "use_ik_match_table2": true,
    "human_scale_table": {
        "pelvis": 0.5,
        "spine3": 0.5,

        "left_hip": 0.5,
        "right_hip": 0.5,
        "left_knee": 0.5,
        "right_knee": 0.5,
        "left_foot": 0.5,
        "right_foot": 0.5,

        "left_shoulder": 0.5,
        "right_shoulder": 0.5,
        "left_elbow": 0.5,
        "right_elbow": 0.5,
        "left_wrist": 0.5,
        "right_wrist": 0.5,

        "head": 0.5
    },

    "ik_match_table1": {
        "head_pitch_link": [
            "head",
            0,
            10,
            [0.0, 0.0, 0.0],
            [-0.5, 0.5, 0.5, 0.5]
        ],
        "base_link": [
            "pelvis",
            0,
            10,
            [
                0.0,
                0.0,
                0.0
            ],
            [
                0.5,
                -0.5,
                -0.5,
                -0.5
            ]
        ],
        "l_hip_roll_link": [
            "left_hip",
            0,
            10,
            [
                0.0,
                0.0,
                0.0
            ],
            [
                0.4267755048530407,
                -0.5637931078484661,
                -0.5637931078484661,
                -0.4267755048530407
            ]
        ],
        "l_calf_link": [
            "left_knee",
            0,
            10,
            [
                0.0,
                0.0,
                0.0
            ],
            [
                0.5,
                -0.5,
                -0.5,
                -0.5
            ]
        ],
        "l_ankle_roll_link": [
            "left_foot",
            100,
            50,
            [
                0.0,
                0.05,
                0.0
            ],
            [
                0.5,
                -0.5,
                -0.5,
                -0.5
            ]
        ],
        "r_hip_roll_link": [
            "right_hip",
            0,
            10,
            [
                0.0,
                0.0,
                0.0
            ],
            [
                0.4267755048530407,
                -0.5637931078484661,
                -0.5637931078484661,
                -0.4267755048530407
            ]
        ],
        "r_calf_link": [
            "right_knee",
            0,
            10,
            [
                0.0,
                0.0,
                0.0
            ],
            [
                0.5,
                -0.5,
                -0.5,
                -0.5
            ]
        ],
        "r_ankle_roll_link": [
            "right_foot",
            100,
            50,
            [
                0.0,
                -0.05,
                0.0
            ],
            [
                0.5,
                -0.5,
                -0.5,
                -0.5
            ]
        ],
        "waist_link": [
            "spine3",
            0,
            100,
            [
                0.0,
                0.0,
                0.0
            ],
            [
                0.5,
                -0.5,
                -0.5,
                -0.5
            ]
        ],
        "l_shoulder_roll_link": [
            "left_shoulder",
            0,
            10,
            [
                0.0,
                0.0,
                0.0
            ],
            [
                0.70710678,
                0.0,
                -0.70710678,
                0.0
            ]
        ],
        "l_elbow_link": [
            "left_elbow",
            0,
            10,
            [
                0.0,
                0.0,
                0.0
            ],
            [
                0.70710678,
                0.0,
                -0.70710678,
                0.0
            ]
        ],
        "l_wrist_link": [
            "left_wrist",
            0,
            10,
            [
                0.0,
                0.0,
                0.0
            ],
            [
                0.70710678,
                0.0,
                -0.70710678,
                0.0
            ]
        ],
        "r_shoulder_roll_link": [
            "right_shoulder",
            0,
            10,
            [
                0.0,
                0.0,
                0.0
            ],
            [
                0.0,
                0.70710678,
                0.0,
                0.70710678
            ]
        ],
        "r_elbow_link": [
            "right_elbow",
            0,
            10,
            [
                0.0,
                0.0,
                0.0
            ],
            [
                0.0,
                0.70710678,
                0.0,
                0.70710678
            ]
        ],
        "r_wrist_link": [
            "right_wrist",
            0,
            10,
            [
                0.0,
                0.0,
                0.0
            ],
            [
                0.0,
                0.70710678,
                0.0,
                0.70710678
            ]
        ]
    },
   "ik_match_table2": {
        "head_pitch_link": [
            "head",
            10,
            5,
            [0.0, 0.0, 0.0],
            [-0.5, 0.5, 0.5, 0.5]
        ],
        "base_link": [
            "pelvis",
            10,
            5,
            [
                0.0,
                0.0,
                0.0
            ],
            [
                0.5,
                -0.5,
                -0.5,
                -0.5
            ]
        ],
        "l_hip_roll_link": [
            "left_hip",
            10,
            5,
            [
                0.0,
                0.0,
                0.0
            ],
            [
                0.4267755048530407,
                -0.5637931078484661,
                -0.5637931078484661,
                -0.4267755048530407
            ]

        ],
        "l_calf_link": [
            "left_knee",
            10,
            5,
            [
                0.0,
                0.0,
                0.0
            ],
            [
                0.5,
                -0.5,
                -0.5,
                -0.5
            ]
        ],
        "l_ankle_roll_link": [
            "left_foot",
            100,
            50,
            [
                0.0,
                0.05,
                0.0
            ],
            [ -0.5, 0.5, 0.5, 0.5 ]
        ],
        "r_hip_roll_link": [
            "right_hip",
            10,
            5,
            [
                0.0,
                0.0,
                0.0
            ],
            [
                0.4267755048530407,
                -0.5637931078484661,
                -0.5637931078484661,
                -0.4267755048530407
            ]
        ],
        "r_calf_link": [
            "right_knee",
            10,
            5,
            [
                0.0,
                0.0,
                0.0
            ],
            [
                0.5,
                -0.5,
                -0.5,
                -0.5
            ]
        ],
        "r_ankle_roll_link": [
            "right_foot",
            100,
            50,
            [
                0.0,
                -0.05,
                0.0
            ],
            [ -0.5, 0.5, 0.5, 0.5 ]
        ],
        "waist_link": [
            "spine3",
            0,
            10,
            [
                0.0,
                0.0,
                0.0
            ],
            [
                0.5,
                -0.5,
                -0.5,
                -0.5
            ]
        ],