{
    "robot_root_name": "pelvis",
    "human_root_name": "pelvis",
    "ground_height": -0.05,
    "human_height_assumption": 1.8,
    "use_ik_match_table1": true,
    "use_ik_match_table2": false,
    "human_scale_table": {
        "pelvis": 1.1,
        "spine3": 1.1,

        "left_hip": 1.1,
        "right_hip": 1.1,
        "left_knee": 1.1,
        "right_knee": 1.1,
        "left_foot": 1.1,
        "right_foot": 1.1,

        "left_shoulder": 1.1,
        "right_shoulder": 1.1,
        "left_elbow": 1.1,
        "right_elbow": 1.1
    },

    "ik_match_table1": {
        "pelvis": [
            "pelvis",
            100,
            10,
            [
                0.0,
                0.0,
                0.0
            ],
            [
                0.5,
                -0.5,
                -0.5,
                -0.5
            ]
        ],
        "hipRollLeft": [
            "left_hip",
            0,
            10,
            [
                0.0,
                0.0,
                0.0
            ],
            [
                0.4267755048530407,
                -0.5637931078484661,
                -0.5637931078484661,
                -0.4267755048530407
            ]
        ],
        "shinLeft": [
            "left_knee",
            0,
            10,
            [
                0.0,
                0.0,
                0.0
            ],
            [
                0.5,
                -0.5,
                -0.5,
                -0.5
            ]
        ],
        "toeLeft": [
            "left_foot",
            100,
            10,
            [
                0.00,
                0.00,
                0.0
            ],
            [
                0.5,
                -0.5,
                -0.5,
                -0.5
            ]
        ],
        "hipRollRight": [
            "right_hip",
            0,
            10,
            [
                0.0,
                0.0,
                0.0
            ],
            [
                0.4267755048530407,
                -0.5637931078484661,
                -0.5637931078484661,
                -0.4267755048530407
            ]
        ],
        "shinRight": [
            "right_knee",
            0,
            10,
            [
                0.0,
                0.0,
                0.0
            ],
            [
                0.5,
                -0.5,
                -0.5,
                -0.5
            ]
        ],
        "toeRight": [
            "right_foot",
            100,
            10,
            [
                -0.00,
                -0.00,
                0.0
            ],
            [
                0.5,
                -0.5,
                -0.5,
                -0.5
            ]
        ],
        "torso": [
            "spine3",
            0,
            10,
            [
                0.0,
                0.0,
                0.0
            ],
            [
                0.5,
                -0.5,
                -0.5,
                -0.5
            ]
        ],
        "shoulderRollLeft": [
            "left_shoulder",
            0,
            10,
            [
                0.0,
                0.0,
                0.0
            ],
            [
                -0.7071067811865475, 0.0, 0.7071067811865475, 0.0
            ]
        ],
        "elbowLeft": [
            "left_elbow",
            0,
            10,
            [
                0.0,
                0.0,
                0.0
            ],
            [
                -0.7071067811865475, 0.0, 0.7071067811865475, 0.0
            ]
        ],
        "shoulderRollRight": [
            "right_shoulder",
            0,
            10,
            [
                0.0,
                0.0,
                0.0
            ],
            [
                0.0,
                0.70710678,
                0.0,
                0.70710678
            ]
        ],
        "elbowRight": [
            "right_elbow",
            0,
            10,
            [
                0.0,
                0.0,
                0.0
            ],
            [
                0.0,
                0.70710678,
                0.0,
                0.70710678
            ]
        ]
    },
   "ik_match_table2": {}
}